nome,email,telefone,dias,Autorizado,acompanhante_1_nome
Teste Um,teste1@example.com,5511999000001,1,Sim,Acomp1
Teste Dois,teste2@example.com,5511999000002,1,Não,
Teste Tres,teste3@example.com,5511999000003,2,Sim,Acomp2
Teste Quatro,teste4@example.com,5511999000004,3,Não,
Teste Cinco,teste5@example.com,5511999000005,1,Sim,
Teste Seis,teste6@example.com,5511999000006,2,Não,
Teste Sete,teste7@example.com,5511999000007,3,Sim,
Teste Oito,teste8@example.com,5511999000008,1,Não,
Teste Nove,teste9@example.com,5511999000009,2,Sim,Acomp3
Teste Dez,teste10@example.com,5511999000010,3,Não,
